WSPD,WVHT,APD
5.1,1.26,6.20
3.4,1.31,6.43
3.1,1.39,6.78
7.1,1.48,7.03
3.9,1.59,6.92
3.9,1.40,6.97
2.8,1.60,7.22
4.5,1.46,7.01
4.1,1.45,6.80
4.7,1.39,6.66
4.4,99.00,99.00
6.3,1.35,6.53
4.9,1.35,6.70
4.5,99.00,99.00
4.9,99.00,99.00
2.8,1.35,6.41
4.6,1.36,6.61
4.5,1.41,6.58
4.7,1.44,6.26
7.1,1.37,6.30
10.4,1.43,5.91
6.6,1.39,5.63
5.9,1.38,6.09
6.8,1.34,5.70
6.5,1.49,5.90
6.5,1.37,5.70
7.6,1.45,5.79
7.3,1.39,5.74
6.8,1.39,5.80
6.1,1.38,5.57
6.2,1.39,5.79
6.2,1.45,5.90
7.1,1.34,5.77
6.9,1.40,5.62
6.8,1.49,5.77
7.0,1.34,5.46
6.4,1.46,5.74
5.9,1.42,5.66
6.2,99.00,99.00
7.1,1.53,5.80
6.3,1.42,5.36
8.8,1.58,5.80
8.6,1.62,5.62
8.2,1.57,5.39
8.0,1.54,5.36
7.4,1.55,5.34
7.1,1.59,5.50
6.9,1.41,5.40
6.5,1.37,5.37
6.5,1.27,5.26
6.5,1.30,5.50
7.1,1.28,5.34
7.3,1.34,5.49
7.7,1.36,5.34
7.0,1.29,5.29
7.1,1.28,5.37
6.4,1.29,5.14
5.7,99.00,99.00
4.5,1.36,5.33
4.3,1.26,5.38
5.1,1.31,5.48
4.5,1.24,5.43
4.3,99.00,99.00
4.9,1.23,5.56
6.0,1.23,5.32
5.9,1.29,5.50
6.4,1.24,5.34
3.4,1.17,5.40
6.6,1.26,5.43
6.7,1.26,5.37
6.6,1.10,5.19
6.0,1.07,5.17
5.8,1.03,5.05
5.3,1.07,5.17
4.9,1.08,5.50
4.4,1.05,5.48
4.5,1.11,5.67
4.5,1.02,5.72
4.3,1.03,5.68
4.6,1.02,5.53
5.1,1.03,5.74
4.6,1.03,5.56
4.4,1.09,5.52
3.7,1.01,5.90
3.5,1.06,5.60
3.0,1.03,5.50
3.5,1.02,5.56
3.1,1.02,5.85
3.0,1.02,6.07
2.7,0.99,6.05
2.9,1.02,6.20
4.1,1.00,6.02
3.2,1.06,6.17
4.0,1.04,6.31
3.3,0.99,6.20
3.1,0.92,6.18
2.4,0.95,6.37
1.8,0.96,6.74
0.3,0.90,6.53
0.8,0.84,6.41
1.5,0.87,6.47
1.4,0.87,6.55
1.7,0.94,6.66
1.6,0.98,6.78
1.7,0.93,6.76
2.1,0.96,6.56
2.2,0.90,6.58
1.8,0.95,6.53
2.8,0.97,6.52
2.0,0.95,6.42
2.5,0.87,6.19
3.4,1.02,6.51
3.2,0.91,6.41
3.5,0.97,6.59
2.0,0.91,6.49
2.0,0.94,6.65
1.2,0.87,6.52
0.1,0.92,6.64
0.1,0.84,6.58
0.3,0.86,6.59
1.2,0.83,6.57
1.8,0.81,7.08
2.3,0.79,6.92
2.5,0.79,6.91
1.4,0.78,7.10
2.3,0.80,7.06
2.6,0.77,6.96
4.3,0.77,6.95
5.2,0.86,6.47
4.9,0.86,5.90
5.2,0.85,5.43
4.7,0.90,5.53
4.8,0.81,5.58
4.6,0.84,5.42
4.1,0.78,5.36
3.9,0.82,5.67
4.3,0.78,5.68
4.1,0.77,5.71
4.2,0.78,5.52
4.2,0.75,5.75
3.9,0.77,6.27
3.5,0.75,6.15
3.2,0.70,6.11
3.8,0.72,6.10
4.0,0.78,6.20
3.8,0.71,6.06
5.6,0.69,5.81
5.3,0.77,5.41
4.8,0.82,5.35
5.8,0.84,5.16
8.8,0.91,5.32
7.3,0.88,4.94
6.8,0.99,4.83
7.8,1.01,4.85
6.8,1.06,4.91
6.3,1.13,4.87
5.7,1.04,4.87
6.0,1.12,4.91
5.2,1.03,5.25
5.7,0.97,4.92
6.6,0.98,5.30
7.6,0.92,4.65
6.1,1.02,4.48
8.4,0.97,4.71
8.5,1.06,4.55
8.1,1.08,4.75
7.8,1.01,4.76
7.3,1.08,4.72
6.9,1.00,4.60
5.6,1.06,4.91
5.7,1.09,4.88
5.3,0.99,4.85
5.2,1.01,4.84
6.1,1.03,4.91
6.0,1.10,4.87
8.3,1.12,4.80
7.8,1.15,4.62
7.3,1.17,4.51
7.5,1.32,4.61
8.8,1.31,4.62
8.7,1.32,4.50
7.9,1.35,4.59
7.9,1.30,4.62
5.9,1.32,4.59
8.0,1.31,4.64
7.7,1.24,4.83
7.2,1.25,4.96
7.8,1.18,4.83
8.3,1.18,4.79
7.4,1.31,4.84
6.3,1.26,4.90
6.2,1.24,4.93
5.8,1.17,5.07
5.6,1.19,5.13
5.2,1.15,5.33
5.6,1.19,5.35
5.6,1.20,5.45
6.0,1.28,5.45
6.9,1.29,5.33
8.3,1.28,5.06
7.8,1.31,4.97
8.8,1.42,5.06
8.6,1.54,4.99
8.1,1.36,4.88
8.5,1.45,4.86
9.1,1.56,4.90
8.4,99.00,99.00
8.8,1.61,5.03
8.8,1.62,5.23
7.6,1.65,5.28
8.7,1.58,5.28
8.9,1.52,5.16
8.1,99.00,99.00
7.9,1.48,5.23
8.1,1.45,5.21
7.4,1.65,5.49
7.2,1.50,5.41
7.0,1.44,5.47
7.4,1.44,5.49
6.8,1.48,5.59
7.1,1.41,5.56
7.0,1.44,5.50
7.7,1.45,5.48
5.3,1.49,5.25
8.1,1.40,5.29
8.4,1.47,5.10
8.8,1.47,4.88
8.8,1.61,5.01
8.4,1.60,4.92
8.5,1.59,4.86
7.9,1.52,4.95
8.6,1.62,5.05
9.2,1.69,5.25
9.6,1.75,5.32
10.8,1.66,5.13
9.1,1.79,5.09
9.3,1.72,5.26
9.0,1.65,5.24
9.2,1.54,5.21
10.5,1.65,5.37
9.7,1.66,5.38
10.1,1.66,5.28
9.7,1.81,5.57
9.3,1.74,5.29
8.6,1.70,5.33
8.4,1.83,5.58
8.5,1.68,5.39
8.9,1.71,5.46
7.5,1.72,5.38
8.5,1.65,5.19
8.3,1.71,5.41
8.6,1.65,5.37
8.6,1.63,5.24
7.9,1.69,5.09
7.4,1.63,5.04
9.2,1.58,4.99
7.4,1.57,5.13
6.8,1.45,5.10
7.7,1.41,5.19
6.0,1.45,5.36
5.9,1.33,5.28
6.4,1.37,5.26
6.9,1.35,5.40
5.2,1.29,5.27
5.4,1.30,5.07
8.5,1.25,4.98
5.5,1.31,5.03
7.6,1.24,5.13
6.8,1.29,5.01
7.2,1.22,4.90
5.5,1.20,5.02
5.8,1.11,4.94
8.9,1.11,5.06
10.3,1.20,4.72
9.0,1.27,4.56
11.0,1.25,4.55
12.9,1.46,4.64
11.6,1.66,4.72
12.0,1.94,5.13
11.5,1.92,5.24
11.2,2.17,5.46
10.9,2.26,5.56
10.9,2.27,5.81
11.9,2.44,5.76
11.8,2.64,6.01
11.6,2.73,6.05
11.6,99.00,99.00
15.0,2.73,5.93
13.9,99.00,99.00
14.1,3.05,6.03
13.6,2.99,5.93
12.4,2.81,5.95
12.4,2.75,5.89
11.4,2.66,5.90
11.6,2.66,5.91
12.6,2.79,5.99
13.3,2.76,5.82
13.9,2.82,5.78
13.3,99.00,99.00
12.9,3.28,6.45
13.5,3.47,6.51
13.4,3.58,6.70
14.0,3.31,6.57
12.7,3.37,6.67
12.6,3.64,7.01
13.3,3.38,6.86
13.6,3.33,6.65
14.0,3.63,6.69
15.1,3.51,6.35
15.2,3.84,6.59
14.7,3.71,6.68
14.3,3.76,6.67
15.9,99.00,99.00
14.5,3.62,6.68
15.9,3.72,6.88
13.6,3.74,7.02
13.2,3.64,6.71
14.8,3.41,6.55
13.1,99.00,99.00
11.5,3.44,6.79
8.4,3.58,6.96
7.5,3.41,6.84
8.3,3.35,7.16
9.8,3.32,7.17
9.1,3.08,6.77
10.0,2.80,6.66
9.7,2.82,6.50
8.9,2.93,6.68
7.8,2.79,6.67
6.9,2.80,6.81
6.8,2.51,6.64
6.3,2.67,6.83
6.1,2.62,6.91
6.0,2.68,6.96
6.7,2.63,7.15
6.3,2.34,6.61
6.9,2.63,7.05
11.2,2.67,6.74
7.7,2.64,6.52
4.5,2.15,6.63
7.8,2.33,7.05
9.6,2.19,6.46
8.3,2.19,6.47
9.3,2.12,6.48
9.2,2.19,6.40
9.3,2.20,5.89
6.3,2.14,5.97
5.2,1.99,6.23
4.8,2.05,6.31
5.9,1.99,6.63
7.0,1.72,6.09
6.8,1.83,6.26
8.2,2.06,6.46
8.9,1.83,5.99
7.5,1.92,5.88
7.8,1.89,5.78
7.4,1.97,5.96
7.3,1.97,6.08
7.7,1.87,5.84
6.8,1.88,5.91
6.4,1.81,5.83
6.3,1.97,6.08
6.3,1.94,6.15
6.2,1.71,5.94
8.1,1.93,6.14
7.9,1.95,5.97
7.1,1.97,6.10
7.6,2.01,6.41
7.7,2.17,6.48
7.4,1.96,6.19
8.5,2.18,6.43
9.4,2.31,6.28
9.0,2.39,6.52
8.7,2.40,6.54
8.6,2.38,6.52
7.8,2.43,6.71
8.3,2.18,6.40
8.5,2.27,6.57
8.9,2.29,6.52
8.3,2.30,6.60
8.3,2.47,6.77
8.8,2.22,6.19
7.7,2.38,6.55
7.9,2.12,6.28
7.9,2.11,6.06
6.6,2.03,6.06
6.5,1.99,6.15
7.1,2.23,6.43
6.6,2.08,6.19
6.0,2.09,6.29
6.3,2.17,6.53
6.4,2.14,6.35
6.9,2.15,6.35
6.8,2.12,6.30
6.3,2.06,6.28
7.0,2.11,6.22
7.2,2.07,6.22
6.2,2.11,6.41
6.3,2.16,6.35
6.8,1.99,6.33
7.5,1.98,6.27
7.1,2.02,6.30
7.9,2.04,6.28
7.9,2.20,6.66
7.9,2.16,6.26
7.3,2.10,6.33
7.9,2.00,6.11
7.0,1.91,6.06
7.4,1.90,6.04
8.0,1.87,5.85
7.9,2.08,6.14
11.3,2.21,5.78
11.1,2.06,5.48
11.3,2.39,5.65
11.1,2.41,5.66
11.9,2.43,5.60
11.2,2.51,5.86
10.5,2.14,5.65
9.7,2.31,5.78
10.1,2.31,5.89
9.9,2.26,5.67
10.5,2.33,5.84
10.8,2.44,6.05
9.7,2.26,5.84
10.0,2.26,6.06
9.7,2.16,5.65
9.5,2.29,5.86
10.1,2.11,5.63
8.6,2.15,5.63
8.4,2.18,5.74
7.6,2.08,5.65
8.2,2.08,5.79
8.2,2.21,5.86
6.9,2.06,5.63
7.2,2.11,5.91
8.5,1.92,5.88
7.6,1.89,5.72
8.3,1.89,5.81
7.7,1.82,5.63
6.4,1.72,5.67
7.7,1.74,5.65
8.2,1.77,5.45
7.3,1.55,5.23
5.9,1.58,5.34
7.3,1.69,5.54
5.8,1.74,5.60
7.1,1.75,5.69
6.2,1.81,5.95
5.4,1.74,5.86
7.3,1.61,5.51
7.6,1.64,5.56
8.7,1.50,5.48
8.6,1.66,5.37
7.4,1.70,5.49
6.4,1.71,5.44
5.1,1.58,5.22
4.8,1.57,5.55
5.0,1.55,5.76
4.7,1.44,5.75
4.1,1.49,5.98
3.2,1.44,6.03
4.4,1.46,5.94
4.3,1.34,6.04
3.9,1.44,6.26
4.0,1.48,6.52
3.2,1.44,6.18
3.8,1.36,6.36
3.4,1.53,6.52
3.3,1.42,6.49
3.0,1.49,6.62
3.3,1.37,6.71
2.9,1.37,6.63
3.5,1.24,6.55
2.8,1.22,6.58
3.9,1.37,6.77
4.2,1.26,6.63
3.0,1.30,6.64
2.8,1.43,6.82
2.7,1.40,6.70
1.9,1.42,6.99
2.6,1.22,6.54
4.1,1.16,6.65
3.9,1.19,6.95
3.9,1.12,6.89
4.1,1.11,6.89
5.0,1.14,6.97
4.6,1.09,6.65
5.4,1.08,6.51
4.8,1.20,6.60
3.7,1.15,6.45
3.2,1.11,6.52
3.9,1.10,6.35
2.6,1.01,6.09
2.0,1.04,6.38
1.9,1.02,6.34
1.8,1.03,6.51
1.2,1.03,6.44
1.6,0.97,6.24
2.7,0.97,6.32
3.5,0.98,6.32
2.3,0.95,6.21
2.6,1.04,6.10
3.7,0.96,6.04
3.2,1.02,6.06
3.9,1.01,6.22
3.8,1.00,6.45
4.0,0.92,6.20
4.9,0.96,6.28
4.7,1.03,6.14
4.1,1.01,6.07
4.5,1.04,6.15
4.9,1.04,5.98
5.4,1.04,5.79
4.6,1.11,5.90
4.2,1.25,5.98
4.2,1.23,5.95
3.1,1.14,5.89
2.9,1.10,6.04
2.5,1.06,6.04
2.2,1.07,6.39
2.9,0.98,6.39
3.4,1.04,6.66
3.2,0.96,6.34
3.5,0.97,6.47
3.8,0.97,6.44
4.3,0.93,6.31
5.7,0.93,5.78
5.6,0.92,5.82
4.2,0.90,5.56
3.7,0.92,5.78
2.9,0.93,6.14
2.9,0.80,5.78
2.9,0.85,5.95
3.1,0.88,5.97
3.5,0.89,6.02
4.1,0.81,5.95
4.5,0.86,5.95
4.0,0.81,5.84
5.0,0.78,5.46
5.1,0.79,5.44
5.6,0.79,5.51
6.0,0.81,5.19
6.0,0.82,5.03
6.0,0.82,4.89
5.8,0.81,5.02
6.2,0.81,4.74
6.3,0.81,4.81
6.8,0.81,4.60
7.6,0.92,4.92
7.2,0.88,4.45
6.0,1.00,5.01
6.6,0.93,4.94
6.2,0.94,5.16
5.6,1.00,5.05
5.7,0.96,5.10
5.8,1.03,5.05
5.8,1.01,4.98
5.4,1.11,4.92
4.9,1.14,4.96
4.0,1.06,5.21
3.2,1.00,5.05
5.0,1.02,5.39
5.5,0.99,5.19
5.9,1.01,5.27
5.9,1.05,5.31
6.3,1.02,4.97
5.0,1.10,5.15
5.6,1.12,5.33
5.3,1.06,5.32
5.8,1.00,5.23
5.1,0.97,4.99
5.9,0.99,5.23
6.4,0.96,5.05
6.4,0.98,5.01
5.8,1.04,4.90
5.5,1.05,5.00
5.0,1.10,5.04
5.3,1.10,5.11
5.3,1.14,5.26
6.0,1.15,5.20
6.2,1.19,5.30
6.1,1.21,5.49
6.1,1.18,5.31
6.6,1.21,5.30
7.2,1.19,5.27
7.4,1.28,5.22
7.5,1.27,5.22
7.5,1.28,5.09
7.4,1.37,5.15
6.3,1.33,5.21
6.7,1.36,5.39
6.1,1.49,5.73
6.0,1.50,5.79
6.8,1.55,5.77
5.9,1.60,5.81
5.5,1.55,5.82
4.6,1.57,5.88
3.8,1.60,5.94
4.1,1.42,5.70
5.4,1.51,5.91
4.8,1.43,5.95
4.5,1.50,6.05
5.1,1.61,6.35
5.6,1.63,6.50
5.4,1.74,6.59
5.1,1.79,6.73
3.7,1.80,6.84
3.3,1.71,6.48
4.4,1.49,6.54
4.2,1.57,6.65
4.7,1.66,6.75
4.2,1.67,6.70
3.6,1.66,6.78
2.8,1.43,6.53
1.8,1.41,6.55
2.0,1.26,6.63
2.2,1.28,6.48
1.8,1.34,6.79
2.5,1.25,6.57
0.9,1.24,6.69
1.5,1.34,6.67
1.6,1.29,6.74
1.6,1.26,6.66
1.7,1.27,6.76
1.9,1.24,6.70
2.7,1.15,6.77
1.7,1.24,6.87
1.5,1.33,6.66
2.8,1.24,6.72
2.4,1.22,6.70
1.2,1.32,6.70
2.0,1.26,6.51
4.0,1.27,6.33
4.1,1.26,6.12
4.3,1.37,6.39
4.0,1.31,6.16
5.8,1.38,6.04
8.4,1.28,5.60
8.4,1.39,5.56
8.8,1.23,5.32
8.3,1.32,5.39
7.9,1.36,5.53
8.1,1.24,5.39
7.7,1.33,5.52
7.8,1.36,5.50
7.5,1.39,5.20
7.5,1.29,4.79
7.0,1.32,5.08
7.4,1.28,4.96
7.7,1.24,5.60
3.3,1.15,5.80
7.0,1.19,6.09
6.3,1.28,5.48
7.1,1.31,5.41
7.4,1.30,5.07
7.6,1.36,5.13
7.9,1.33,5.17
7.5,1.34,5.22
6.7,1.33,5.23
6.3,1.25,5.06
6.2,1.19,5.12
6.7,1.26,5.35
6.3,1.21,5.50
6.0,1.17,5.53
5.7,1.08,5.67
4.8,1.16,5.61
5.0,1.17,5.63
4.8,1.24,5.46
4.7,1.27,5.27
3.9,1.30,5.14
3.8,1.35,5.31
3.5,1.30,5.39
3.0,1.27,5.48
2.1,1.27,5.46
7.6,1.26,5.53
8.8,1.32,5.06
7.9,1.24,4.98
7.7,1.25,5.02
8.0,1.28,5.28
8.3,1.35,5.32
7.3,1.30,5.13
7.0,1.33,5.09
6.1,1.23,4.91
6.3,1.25,5.15
5.4,1.23,5.30
6.2,1.15,5.12
5.6,1.18,5.20
5.5,1.13,5.36
4.5,1.10,5.33
4.9,1.12,5.42
4.4,1.05,5.33
4.6,1.04,5.39
6.6,1.15,5.35
5.8,1.06,4.93
6.6,1.16,5.04
5.9,1.12,5.11
6.0,1.16,5.20
6.1,1.13,5.19
5.8,1.11,5.36
5.7,1.02,5.28
5.8,1.12,5.54
5.3,1.08,5.46
6.1,1.04,5.27
5.3,1.09,5.44
5.2,1.06,5.62
6.2,1.14,5.71
7.0,1.14,5.53
7.0,1.12,5.14
6.9,1.10,5.18
6.0,1.30,5.26
6.6,1.29,5.73
5.5,1.28,5.55
5.5,1.34,5.87
5.0,1.28,5.71
4.4,1.23,5.72
4.7,1.27,5.86
5.5,1.27,5.68
6.4,1.25,5.50
6.3,1.31,5.43
6.0,1.25,5.27
5.8,1.30,4.97
5.4,1.26,5.28
6.1,1.24,5.42
5.3,1.21,5.15
6.8,1.23,4.94
8.2,1.20,4.96
8.3,1.28,4.94
7.2,1.26,5.06
7.6,1.12,4.95
7.8,1.25,5.06
7.0,1.21,5.35
6.6,1.25,5.37
6.9,1.16,5.36
6.9,1.21,5.32
7.3,1.19,5.26
6.8,1.22,5.47
6.9,1.27,5.15
7.4,1.28,5.29
7.0,1.18,5.07
7.4,1.24,5.08
7.7,1.16,4.99
6.9,1.14,4.73
7.8,1.16,4.99
8.1,1.15,4.83
8.0,1.26,4.84
7.5,1.19,4.76
8.0,1.24,4.72
8.2,1.24,4.79
7.0,1.18,4.71
7.9,1.08,4.81
8.3,1.12,4.90
7.7,1.18,4.94
8.1,1.16,4.81
8.2,1.09,4.75
8.8,1.16,4.50
8.7,1.31,4.78
8.7,1.32,4.68
8.8,1.33,4.82
8.0,1.32,4.68
9.1,1.33,4.91
9.3,1.32,4.80
9.3,1.25,4.67
9.7,1.36,4.76
8.7,1.46,4.91
8.9,1.41,4.85
9.6,1.43,4.73
9.0,1.52,4.87
9.9,1.51,4.82
9.8,1.56,5.00
9.9,1.49,4.93
9.8,1.70,4.98
9.0,1.58,4.84
9.5,1.45,4.77
10.0,1.55,4.86
9.9,1.56,4.85
10.0,1.63,4.91
9.8,1.63,4.67
10.0,1.47,4.68
10.1,1.60,4.80
9.4,1.57,4.82
9.8,1.55,4.85
10.2,1.61,5.01
10.6,1.60,4.93
11.0,1.66,4.94
10.9,1.56,4.93
11.2,1.61,4.86
10.9,1.82,4.93
10.9,1.71,5.00
11.5,1.79,4.91
12.0,1.85,4.87
11.7,1.93,5.09
11.1,2.00,5.18
9.3,1.71,5.06
10.6,1.70,5.01
11.0,1.66,4.91
10.1,1.60,4.89
9.5,1.63,4.97
10.3,1.60,4.99
10.0,1.69,5.04
10.5,1.82,5.09
10.8,1.74,5.05
10.6,1.76,5.03
10.0,1.77,5.13
9.2,1.90,5.20
9.5,1.79,5.29
8.9,1.74,5.25
9.3,1.74,5.15
9.0,1.65,5.29
8.7,1.77,5.28
8.9,1.63,5.22
8.9,1.63,5.27
8.8,1.67,5.13
10.1,1.85,5.15
7.9,1.76,5.18
8.3,1.72,5.32
7.3,1.85,5.30
8.6,1.65,5.16
8.4,1.52,5.09
10.3,1.65,5.24
8.5,1.61,4.97
7.4,1.64,4.95
9.7,1.55,4.99
10.2,1.52,4.80
9.9,1.66,5.01
9.6,1.61,4.86
9.7,1.62,5.03
9.4,1.65,5.00
9.4,1.58,4.94
8.8,1.60,5.06
8.5,1.65,5.11
8.7,1.66,5.16
8.2,1.66,5.21
7.6,1.65,5.32
8.1,1.55,5.27
7.8,1.41,5.12
8.3,1.46,5.15
7.6,1.32,4.99
6.7,1.37,4.93
7.5,1.43,5.00
7.5,1.32,4.69
8.2,1.33,4.90
7.2,1.27,4.69
8.0,1.27,4.75
7.6,1.16,4.60
7.7,1.24,4.73
7.4,1.10,4.65
6.7,1.04,4.66
5.8,1.06,4.70
6.3,0.99,4.70
6.2,0.95,4.72
5.5,0.90,4.67
5.7,0.92,4.73
6.7,0.95,4.90
8.3,0.99,4.68
8.1,1.03,4.60
7.8,1.15,4.61
8.9,1.08,4.52
8.2,1.07,4.53
7.4,1.20,4.61
7.5,1.18,4.71
7.9,1.16,4.83
7.3,1.20,4.64
7.8,1.23,4.86
7.5,1.33,4.87
6.3,1.23,4.90
6.5,1.26,5.11
7.0,1.28,5.20
7.4,1.27,5.02
6.9,1.25,5.01
7.3,1.21,4.88
8.5,1.25,4.84
7.7,1.23,4.89
7.9,1.21,4.67
7.1,1.39,4.92
9.4,1.36,5.09
8.9,1.42,5.03
8.7,1.45,4.70
9.4,1.50,4.91
10.0,1.46,4.80
9.8,1.39,4.65
9.1,1.51,4.75
8.6,1.50,4.80
9.1,1.44,4.96
8.0,1.39,4.85
8.5,1.38,4.98
9.1,1.35,5.12
8.9,1.40,4.88
8.8,1.47,4.89
9.2,1.54,5.10
8.3,1.52,4.88
7.9,1.52,5.16
6.9,1.39,4.96
7.0,1.41,5.13
6.9,1.41,5.06
6.7,1.27,5.03
7.4,1.29,4.94
9.3,1.43,4.75
8.0,1.60,4.86
4.1,1.38,4.93
6.1,1.46,4.82
6.3,1.46,4.84
7.4,1.64,5.07
7.8,1.46,4.87
7.3,1.48,5.28
7.8,1.42,5.24
8.3,1.47,5.50
7.8,1.50,5.37
6.3,1.46,5.63
5.0,1.45,5.57
5.4,1.34,5.59
4.5,1.31,5.79
6.0,1.29,5.72
8.3,1.35,5.62
8.2,1.33,5.17
8.3,1.40,5.17
8.4,1.49,5.23
9.4,1.49,5.06
8.6,1.55,5.02
8.9,1.59,4.98
8.8,1.51,4.86
8.4,1.42,4.60
7.7,1.56,4.82
7.6,1.44,4.93
6.9,1.37,4.92
7.4,1.35,5.07
8.2,1.46,5.08
7.8,1.42,5.28
7.3,1.48,5.65
7.4,1.61,5.83
7.0,1.56,5.62
7.9,1.75,5.97
5.6,1.66,6.06
6.6,1.83,6.16
6.9,1.69,5.89
7.5,1.77,6.14
7.1,1.75,5.89
7.0,1.65,5.78
7.2,1.75,5.72
6.9,1.69,5.70
5.7,1.64,5.50
5.3,1.86,6.32
4.6,1.63,6.06
5.0,1.72,6.39
4.5,1.66,6.22
4.5,1.65,6.28
3.7,1.61,6.34
4.5,1.54,6.24
4.7,1.54,6.44
4.7,1.40,6.36
4.9,1.45,6.43
5.7,1.49,6.62
6.3,1.51,6.38
5.5,1.39,6.17
6.1,1.60,6.36
3.9,1.65,6.43
5.7,1.62,6.42
3.9,1.48,6.20
3.2,1.53,6.38
3.3,1.63,6.70
2.5,1.63,6.67
5.0,1.49,6.50
3.6,1.48,6.25
2.2,1.55,6.18
2.0,1.69,6.16
4.6,1.61,5.97
3.9,1.75,6.22
0.3,1.65,6.28
0.6,1.57,6.22
3.3,1.56,6.19
1.7,1.38,6.19
0.6,1.64,6.64
0.7,1.45,6.52
3.4,1.44,6.53
3.1,1.45,6.80
0.9,1.40,6.27
2.0,1.38,6.46
3.5,1.35,6.22
1.5,1.42,6.52
3.5,1.31,6.66
4.7,1.38,6.82
3.6,1.41,6.87
3.3,1.40,6.78
4.0,1.25,6.65
3.3,1.20,6.56
2.5,1.28,6.89
1.9,1.21,6.62
5.3,1.59,7.15
4.1,1.82,7.11
0.3,1.87,7.01
1.5,1.82,6.74
9.3,1.97,6.54
8.6,2.24,6.63
8.3,2.44,6.76
10.9,3.14,6.90
13.5,3.55,7.13
13.1,3.32,6.68
12.9,3.21,6.40
13.5,3.47,6.80
12.8,3.35,6.51
13.1,3.38,6.61
12.7,3.20,6.40
11.9,3.32,6.41
12.5,3.50,6.52
11.9,3.12,6.42
11.4,3.32,6.54
10.4,3.15,6.48
9.7,3.08,6.57
10.6,3.22,6.89
10.7,3.38,6.98
10.9,3.13,6.78
11.7,2.85,6.30
11.0,3.14,6.60
10.7,2.87,6.53
11.4,2.95,6.60
11.2,2.82,6.21
9.7,2.79,6.27
9.7,2.51,6.35
8.4,2.40,6.05
9.6,2.13,5.94
10.8,2.38,6.06
11.0,2.34,5.83
11.7,2.26,5.64
12.0,2.16,5.37
11.9,2.28,5.50
11.0,2.38,5.27
10.1,2.18,5.42
10.0,2.11,5.23
10.7,2.09,5.43
10.9,2.22,5.42
11.1,1.96,5.00
9.9,2.01,5.30
11.1,1.83,5.18
11.2,1.88,5.21
10.2,1.93,5.25
9.5,1.87,5.18
11.5,1.76,5.10
10.8,1.98,5.11
11.9,1.91,5.14
11.5,2.00,5.07
9.8,1.98,5.09
9.6,1.87,5.06
10.2,2.03,5.14
10.7,1.89,4.96
10.9,1.96,4.89
11.8,1.98,4.93
12.1,2.02,4.85
12.4,2.18,4.91
12.7,2.11,4.90
12.1,2.23,5.02
12.7,2.18,4.85
11.8,2.32,5.03
11.1,2.12,5.09
12.1,2.35,5.19
13.1,2.24,5.07
12.7,2.46,5.46
12.6,2.36,5.34
12.8,2.64,5.47
13.1,2.59,5.40
14.3,2.63,5.43
13.4,2.68,5.43
13.4,2.73,5.68
13.9,2.67,5.48
13.0,2.88,5.63
12.7,2.66,5.53
12.8,2.74,5.47
13.7,2.82,5.65
15.0,3.17,5.85
13.8,3.02,5.70
15.0,3.29,6.02
15.2,3.45,5.83
13.5,3.65,6.20
13.0,3.32,5.91
13.8,3.38,5.97
13.9,3.64,6.10
11.7,4.02,6.51
13.0,3.37,6.20
12.6,3.41,6.35
11.6,3.33,6.35
11.5,3.01,6.18
10.9,2.94,6.06
10.1,3.04,6.25
12.4,2.94,6.23
14.7,3.00,6.18
11.5,2.86,6.01
11.5,2.80,6.10
11.6,2.89,5.95
13.7,2.98,5.93
14.9,3.09,5.90
15.3,3.25,6.07
15.7,3.32,5.94
17.5,3.44,5.90
19.0,3.81,5.97
20.7,3.73,5.84
18.4,4.54,6.30
20.0,4.54,6.41
22.4,5.94,7.36
24.4,7.44,8.74
26.3,99.00,99.00
22.3,11.27,10.40
23.1,99.00,99.00
20.1,9.98,9.76
19.3,99.00,99.00
16.5,7.92,9.34
18.8,7.11,8.83
16.0,7.46,8.92
15.5,6.60,8.80
13.8,5.94,8.42
14.7,6.37,8.64
12.5,5.58,8.44
12.3,5.23,8.21
12.6,4.86,8.29
10.7,4.21,7.82
9.7,4.42,8.24
10.9,4.76,8.19
9.2,4.24,7.98
9.0,4.36,8.21
7.9,3.79,7.89
7.2,3.98,8.01
6.5,4.80,8.41
6.8,4.68,8.50
2.2,4.25,8.17
5.2,4.27,8.38
4.3,99.00,99.00
5.0,4.38,8.39
5.7,4.55,8.32
6.3,4.41,8.29
5.9,4.49,8.58
5.4,4.18,8.55
4.8,4.32,8.71
5.3,4.25,8.57
5.1,4.13,8.69
5.5,4.10,8.88
4.0,4.18,9.09
4.3,4.47,9.46
2.3,4.69,9.73
3.2,4.19,9.01
5.1,4.97,9.33
4.8,5.06,9.93
5.1,4.51,9.55
4.8,4.45,9.67
5.3,4.78,9.87
4.5,4.39,9.82
3.9,3.84,9.45
4.5,3.99,9.64
4.6,3.65,9.49
7.4,3.71,9.67
6.0,3.39,8.88
6.6,3.35,8.98
5.5,3.21,9.07
7.5,3.40,8.90
6.3,3.49,8.88
5.1,3.23,8.49
4.8,2.93,8.14
4.7,2.99,8.15
4.8,2.84,8.03
8.2,2.57,7.78
7.8,2.56,7.47
6.6,2.57,7.54
7.6,2.80,7.73
7.0,2.61,7.37
5.5,2.35,7.05
5.0,2.22,6.90
4.2,2.13,6.77
3.5,2.18,6.98
4.2,1.79,6.62
4.0,1.77,6.77
5.1,1.64,6.88
3.3,1.60,7.00
3.5,1.50,6.77
3.9,1.46,6.90
3.6,1.36,6.95
3.9,1.53,7.11
4.0,1.43,6.92
4.7,1.49,6.72
4.3,1.57,6.82
1.7,1.63,6.51
1.7,1.85,6.71
2.4,1.75,6.60
2.9,1.60,6.43
3.1,1.62,6.49
2.9,1.66,6.51
3.1,1.58,6.55
2.7,1.53,6.59
3.6,1.51,6.53
4.0,1.44,6.32
3.9,1.34,6.65
4.3,1.41,6.69
2.7,1.27,6.73
4.0,1.20,6.50
2.3,1.08,6.55
2.4,1.12,6.59
2.6,1.03,6.77
3.6,1.10,6.54
3.1,1.01,6.11
3.1,1.07,6.61
3.9,1.12,6.90
2.7,1.05,6.52
2.9,1.03,6.05
3.4,1.00,5.89
1.6,1.08,5.69
6.6,1.06,5.28
6.5,1.08,4.58
4.2,1.12,4.83
1.7,1.12,5.16
3.8,1.09,5.46
3.1,1.16,5.67
2.9,1.12,5.59
2.8,1.07,5.78
1.9,1.14,5.70
1.3,1.04,5.62
2.2,1.11,5.87
3.0,1.12,5.74
3.9,1.21,6.00
4.2,1.25,6.21
6.3,1.37,6.28
9.3,1.60,6.42
7.3,1.68,6.25
6.7,1.83,6.27
8.7,2.03,6.36
9.6,2.21,6.41
9.4,2.76,6.80
14.2,2.64,6.18
15.2,3.21,6.63
14.7,4.03,7.02
13.6,4.66,7.49
13.4,4.60,7.44
12.3,3.82,6.76
11.4,3.84,6.77
11.1,3.91,6.76
10.7,3.47,6.72
10.9,3.22,6.48
11.2,3.06,6.58
10.3,2.82,6.27
10.8,2.80,6.27
10.2,2.71,6.32
9.7,2.74,6.48
9.7,2.74,6.39
10.8,2.72,6.36
9.9,2.46,6.10
9.6,2.55,6.09
9.7,2.47,6.28
8.8,2.29,6.06
6.8,2.21,6.11
5.4,1.93,5.90
7.0,2.29,5.98
6.3,2.09,5.74
5.6,2.09,5.77
4.3,2.18,6.08
1.6,2.05,5.93
3.1,2.05,5.88
5.9,1.83,5.78
7.3,1.97,5.83
9.0,1.91,5.50
6.6,1.93,5.50
7.6,1.82,5.37
6.8,1.77,5.29
4.7,1.68,5.46
2.7,1.83,5.86
4.1,1.62,5.32
1.4,1.60,5.81
0.5,1.44,5.87
1.0,1.44,6.23
4.6,1.48,6.23
0.7,1.42,6.37
5.9,1.37,6.19
6.3,1.35,6.04
6.2,1.33,5.82
6.7,1.36,5.84
7.2,1.39,5.86
7.2,1.30,5.65
8.8,1.38,5.58
8.8,1.29,5.51
9.5,1.24,5.58
8.9,1.45,5.70
9.0,1.47,5.81
10.0,1.69,5.82
9.5,1.93,5.98
8.5,2.07,6.15
9.0,2.04,6.34
9.8,1.86,6.10
10.7,1.98,6.12
10.2,1.99,5.89
9.4,1.96,5.97
11.0,1.82,5.76
8.2,1.81,5.60
11.0,1.92,5.58
12.4,1.70,5.52
10.7,1.93,5.44
12.6,2.12,5.74
11.9,2.15,5.82
10.8,2.43,6.07
9.2,2.37,6.08
10.9,2.49,6.17
9.9,2.14,5.95
9.4,2.37,6.04
8.2,2.34,6.08
8.4,2.35,6.02
7.4,2.19,6.09
7.6,2.40,6.34
6.4,2.26,6.57
9.5,2.42,6.62
9.7,2.32,6.38
8.0,2.16,6.28
10.0,2.16,6.34
8.9,2.24,6.48
8.3,2.10,6.44
8.7,2.40,6.76
9.1,2.47,6.79
8.7,2.29,6.50
9.0,2.21,6.43
8.5,2.46,6.74
8.7,2.38,6.44
7.9,2.41,6.41
8.6,2.54,6.66
8.4,2.56,6.70
7.6,2.83,6.97
6.8,2.49,6.79
6.6,2.56,6.89
5.1,2.46,6.76
5.9,2.27,6.56
5.2,2.41,6.82
5.7,2.04,6.66
7.1,2.03,6.83
7.6,1.78,6.35
8.2,1.67,6.13
6.8,1.78,6.65
7.6,1.77,6.62
7.6,1.79,6.76
7.2,1.81,6.79
7.5,2.07,7.09
7.5,1.97,7.14
6.8,99.00,99.00
6.4,2.02,7.19
7.4,1.96,6.75
7.4,2.05,6.86
7.0,1.90,6.68
6.1,2.04,6.79
5.6,1.95,6.70
5.3,1.83,6.75
5.3,1.69,6.46
3.8,1.64,6.42
2.8,1.61,6.61
2.1,1.66,6.90
0.9,1.60,6.91
0.3,1.52,6.86
1.5,1.37,6.62
2.5,1.31,6.61
4.0,1.22,6.62
3.3,1.13,6.57
3.6,1.16,6.67
4.9,1.08,6.69
4.8,1.23,7.07
6.0,1.23,6.85
6.5,1.06,5.82
5.5,1.12,5.83
4.6,1.13,5.80
5.4,1.01,5.65
4.9,1.05,5.60
5.2,1.01,5.48
6.2,1.01,5.48
6.9,0.94,5.28
6.8,0.91,4.97
6.9,0.93,5.15
7.6,0.96,5.03
5.2,1.01,4.79
8.8,1.06,5.11
3.7,1.01,4.90
7.5,1.17,4.91
6.5,1.09,4.77
7.6,1.09,4.83
7.2,1.03,4.90
8.1,1.01,4.68
6.4,1.11,4.84
8.7,1.03,4.99
5.2,1.11,5.27
1.7,1.10,5.28
1.8,1.05,5.30
2.5,1.10,5.51
3.8,1.14,5.76
3.9,1.10,5.81
3.2,1.20,6.13
3.0,1.13,6.14
3.0,1.19,6.06
2.8,1.12,6.12
4.1,1.08,6.14
4.0,1.11,6.10
5.2,0.99,5.76
5.3,1.02,5.72
5.0,0.85,5.40
5.1,0.88,5.46
5.1,0.86,5.43
6.1,0.85,5.25
6.3,0.85,4.96
6.0,0.83,4.92
5.4,0.80,4.67
6.1,0.81,4.72
6.7,0.82,4.66
6.5,0.75,4.41
7.9,0.77,4.03
8.0,0.85,4.19
7.1,0.89,4.19
7.1,0.83,4.20
7.7,0.94,4.18
6.4,1.09,4.23
8.0,1.17,4.34
9.0,1.08,4.21
9.4,1.20,4.32
9.8,1.23,4.34
10.5,1.32,4.40
12.3,1.40,4.44
12.7,1.43,4.36
13.0,1.58,4.43
15.1,1.73,4.53
14.8,2.11,4.91
15.9,2.51,5.21
14.0,2.24,5.14
15.0,2.29,5.41
16.1,2.71,5.58
14.6,2.76,5.66
14.6,3.46,6.31
14.2,4.14,7.00
13.4,4.21,7.33
14.1,4.80,7.78
13.2,4.73,7.76
10.9,4.71,8.01
11.7,4.78,8.22
12.7,5.03,8.51
11.4,4.88,8.30
11.2,4.36,8.15
10.6,4.09,7.98
9.6,4.16,8.14
11.0,3.77,7.65
9.4,4.05,7.96
8.1,3.39,7.51
10.9,3.56,7.56
11.0,3.59,7.58
8.2,3.52,7.75
7.5,3.54,7.64
9.2,3.30,7.36
8.8,3.10,7.34
7.3,3.30,7.46
8.3,2.92,7.02
5.6,3.23,7.49
5.6,2.98,7.41
5.5,2.75,7.17
6.2,2.62,7.12
5.2,2.63,6.97
6.0,2.37,6.75
4.7,2.33,6.88
5.2,2.62,7.15
4.0,2.20,6.86
3.9,2.19,7.00
3.2,2.10,6.86
3.7,1.98,6.70
1.5,1.98,6.76
2.1,2.04,6.74
1.1,1.93,6.89
0.5,1.77,6.65
0.4,1.88,6.65
0.7,1.82,6.84
1.5,1.80,6.81
1.6,1.76,6.66
1.4,1.74,6.76
0.3,1.75,6.69
0.9,1.55,6.44
2.0,1.51,6.68
2.5,1.60,6.61
2.1,1.65,6.75
2.6,1.46,6.54
2.9,1.51,6.66
3.4,1.38,6.71
3.9,1.44,6.73
5.1,1.34,6.35
3.8,1.34,6.58
4.8,1.27,6.36
5.0,1.23,6.13
3.5,1.19,6.35
4.0,1.17,6.23
2.2,1.14,6.32
3.3,1.06,6.15
4.3,1.05,6.37
4.6,1.05,6.15
5.8,1.00,5.96
6.4,1.03,5.76
7.2,1.03,5.42
7.7,1.01,5.05
8.3,1.03,4.69
8.3,1.14,4.73
8.1,1.24,4.77
2.1,1.25,5.01
3.1,1.25,5.19
3.8,1.25,5.57
6.3,1.24,5.55
2.3,1.20,5.32
0.6,1.24,5.69
1.6,1.17,5.91
2.8,1.19,5.89
8.6,1.19,5.85
9.8,1.30,5.27
12.5,1.48,5.08
12.6,1.54,5.08
9.3,1.62,5.01
11.3,1.52,4.99
11.3,1.79,5.11
8.9,2.37,5.80
16.5,2.27,5.88
9.4,2.40,6.22
10.6,2.58,6.33
11.1,2.87,6.71
10.5,2.81,6.45
11.5,2.65,6.01
10.4,2.61,6.07
11.2,99.00,99.00
9.8,2.47,6.03
10.8,2.21,5.76
13.4,2.03,5.53
14.0,2.33,5.70
13.0,2.74,5.86
12.1,2.69,5.93
13.2,2.95,6.14
11.9,3.02,6.21
12.1,3.04,6.50
11.7,2.74,6.42
12.2,2.99,6.55
11.4,3.14,6.89
10.7,3.26,7.12
10.7,3.16,6.86
11.0,3.11,6.90
10.3,3.10,6.86
9.5,3.07,6.96
8.7,3.08,7.04
8.1,3.13,7.11
7.7,3.11,7.13
5.9,3.11,7.24
3.9,2.83,7.37
7.5,2.85,7.43
6.3,2.96,7.58
6.8,2.85,7.37
6.6,2.91,7.59
5.8,2.96,7.86
7.5,2.77,7.53
9.2,2.77,7.54
9.7,2.93,7.37
9.2,2.77,7.32
8.7,2.71,7.07
8.0,2.69,6.86
6.6,2.68,7.02
6.6,2.83,7.42
6.5,2.78,7.63
6.0,2.74,7.86
5.1,2.71,7.63
4.4,2.61,7.77
5.0,2.68,7.81
4.0,2.70,7.91
4.3,2.57,8.01
4.0,2.50,7.73
3.8,2.45,7.65
3.6,2.80,7.96
2.4,2.86,7.97
2.1,2.64,8.16
2.1,2.54,8.14
1.3,2.74,8.45
0.1,2.57,8.45
0.4,2.57,8.52
0.9,2.52,8.53
2.6,2.47,8.48
3.3,2.43,8.44
3.8,2.44,8.60
4.4,2.31,8.47
4.5,2.49,8.80
4.3,2.25,8.44
4.8,2.20,8.48
4.8,2.31,8.95
4.6,2.40,8.87
3.8,2.45,8.82
4.1,2.19,8.59
4.1,2.13,8.48
4.3,2.08,8.45
5.3,1.98,8.04
4.4,2.02,8.39
5.1,1.96,8.00
5.2,1.86,7.85
5.8,1.82,7.73
6.3,1.81,7.89
6.8,1.66,7.10
7.8,1.61,6.69
7.8,1.65,6.63
8.8,1.60,6.09
8.7,1.79,6.37
5.5,1.91,6.31
9.5,1.85,6.04
10.3,1.94,5.93
10.0,2.11,5.76
11.3,2.16,5.72
11.1,2.19,5.80
10.3,2.40,5.73
10.9,2.19,5.72
10.5,2.44,5.72
11.5,2.42,5.80
11.1,2.36,5.95
10.3,2.43,5.83
10.5,2.45,5.91
11.0,2.76,6.21
11.4,2.56,6.11
13.7,2.52,5.91
13.4,99.00,99.00
13.2,2.76,5.86
12.9,99.00,99.00
14.3,2.66,5.92
13.0,3.22,6.37
12.2,3.26,6.41
11.9,99.00,99.00
11.4,3.26,6.67
10.7,3.16,6.41
10.5,3.17,6.74
10.5,2.96,6.73
9.8,2.89,6.59
9.2,2.63,6.25
8.8,2.80,6.75
7.3,99.00,99.00
7.1,2.46,6.49
6.9,2.57,6.76
7.3,2.56,6.62
7.4,2.11,6.21
5.1,2.39,6.37
4.1,2.26,6.47
5.4,2.22,6.75
4.7,2.12,6.28
4.9,1.92,6.47
6.2,1.91,6.41
5.6,1.79,6.34
5.8,1.74,6.44
4.7,1.83,6.64
3.8,1.73,6.55
2.4,1.80,6.80
1.1,1.62,6.69
0.9,1.74,6.95
3.8,1.56,6.61
4.6,1.52,6.74
4.1,1.46,6.64
4.4,1.54,6.86
4.1,1.47,6.77
5.2,1.40,6.57
5.0,1.41,6.54
4.9,1.35,6.30
5.5,1.35,6.08
5.2,1.41,5.92
6.1,1.36,5.68
6.7,1.36,5.68
8.1,1.21,5.15
8.0,1.39,5.17
7.3,1.41,4.95
7.6,1.29,4.94
6.6,1.33,4.79
6.6,1.21,4.76
7.5,1.32,5.17
7.5,1.34,4.94
8.3,1.24,4.74
8.0,1.19,5.22
8.2,1.14,4.93
8.3,1.13,4.80
8.0,1.19,4.63
8.8,1.25,4.77
8.5,1.12,4.48
8.7,1.13,4.52
9.3,1.22,4.32
8.6,1.23,4.56
8.6,1.26,4.51
8.0,1.19,4.45
8.2,1.11,4.46
7.6,1.21,4.63
7.8,1.14,4.55
7.2,1.19,4.48
7.2,1.18,4.47
8.2,1.12,4.43
8.2,1.15,4.46
8.9,1.13,4.43
8.3,1.10,4.40
8.6,1.20,4.56
7.8,1.22,4.55
7.9,1.22,4.63
8.0,1.30,4.68
8.2,1.24,4.70
8.6,1.23,4.77
8.3,1.29,4.56
8.8,1.28,4.71
8.0,1.41,4.80
7.4,1.33,4.79
8.3,1.28,4.73
7.6,1.36,4.98
8.7,1.42,4.95
7.3,1.48,5.17
6.5,1.44,5.03
5.4,1.57,5.17
6.8,1.31,5.05
7.2,1.30,5.03
7.3,1.29,5.17
6.9,1.36,5.16
8.9,1.26,5.12
8.3,1.30,5.03
8.6,1.35,5.04
7.3,1.42,5.18
7.0,1.44,5.09
6.6,1.34,5.08
6.2,1.46,5.33
6.2,1.49,5.57
6.0,1.54,5.56
6.3,1.47,5.54
5.1,1.53,5.75
4.2,1.51,5.72
9.0,1.52,5.66
9.4,1.44,5.22
9.3,1.60,5.10
10.5,1.73,5.09
11.2,1.75,5.02
12.9,1.82,4.95
12.1,2.17,5.16
12.2,2.22,5.17
11.6,2.32,5.38
10.7,2.09,5.13
9.6,2.08,5.39
10.4,1.85,5.26
9.7,1.82,5.07
9.9,1.87,5.21
9.3,1.81,5.31
9.8,1.74,5.24
8.2,1.76,5.48
7.2,1.74,5.56
6.9,1.58,5.32
5.5,1.58,5.62
5.0,1.55,5.53
6.2,1.55,5.63
6.8,1.67,5.91
3.4,1.65,5.88
4.0,1.51,5.81
2.1,1.43,5.73
1.7,1.45,5.91
2.1,1.44,5.91
6.8,1.39,5.90
4.7,1.20,5.61
4.2,1.36,5.79
2.3,1.34,6.00
0.3,1.44,6.12
2.4,1.42,6.09
4.0,1.28,6.08
3.5,1.33,6.10
3.9,1.37,6.40
4.5,1.46,6.55
4.2,1.34,6.41
5.8,1.42,6.48
4.9,1.26,6.27
4.6,1.25,6.40
4.6,1.21,6.43
4.2,1.30,6.54
5.1,1.24,6.60
4.5,1.24,6.44
4.3,1.15,6.24
4.0,1.14,6.53
3.5,1.11,6.63
2.4,1.13,6.75
5.1,1.11,6.63
5.0,1.12,6.68
4.2,1.21,6.76
3.8,1.21,6.60
2.3,1.20,6.64
1.8,1.20,6.51
2.8,1.19,6.59
4.2,1.21,6.92
4.8,1.24,7.17
4.9,1.14,7.32
5.0,1.31,7.31
6.5,1.16,6.68
6.2,1.19,6.58
6.4,1.08,6.24
7.6,1.34,6.53
8.1,1.19,5.56
9.8,1.35,5.69
13.8,1.31,5.07
15.0,1.53,4.67
14.0,1.91,4.80
12.5,99.00,99.00
12.0,2.42,5.39
11.8,99.00,99.00
9.8,2.66,5.86
10.2,2.69,6.01
11.0,2.39,5.83
10.6,2.27,5.77
10.5,2.22,5.80
10.4,2.41,5.92
9.8,2.41,5.98
9.4,2.22,5.80
9.5,2.09,5.76
10.0,2.00,5.47
10.6,2.05,5.57
10.3,2.18,5.42
11.2,2.15,5.43
12.1,2.17,5.30
10.1,2.16,5.38
8.7,2.05,5.28
8.6,2.02,5.36
8.4,1.91,5.41
8.6,2.14,5.83
8.1,2.09,5.79
9.7,1.95,5.50
7.9,2.34,5.78
6.2,2.27,6.14
6.0,2.45,6.33
7.7,2.26,6.49
6.8,2.27,6.60
5.5,2.45,6.86
5.8,2.42,7.25
6.5,2.64,7.47
5.0,2.29,7.20
4.5,2.36,7.35
3.9,2.09,6.98
3.0,2.21,7.27
2.1,2.17,7.34
2.6,2.37,7.59
0.8,2.28,7.57
2.6,2.32,7.62
3.4,2.37,7.77
2.7,2.12,7.44
3.8,2.09,7.45
5.2,2.09,7.98
6.0,2.11,8.08
6.5,1.90,7.84
7.2,1.94,7.87
8.6,1.90,7.52
9.9,1.89,7.00
11.2,1.76,6.52
12.4,1.84,5.79
13.4,2.03,5.65
14.4,2.27,5.49
14.4,2.34,5.45
16.1,2.53,5.69
15.6,2.84,5.71
15.3,3.44,6.11
15.5,2.84,5.72
15.9,3.19,6.07
15.8,3.29,6.16
15.8,3.89,6.55
15.8,3.86,6.55
15.2,3.93,6.78
10.0,4.18,6.91
11.7,3.68,6.80
10.7,3.38,6.48
9.5,3.54,6.67
9.2,3.30,6.59
8.2,3.24,6.67
8.3,3.22,7.12
7.8,3.40,7.36
10.0,3.10,7.36
9.2,3.27,7.37
9.7,3.24,7.23
10.2,2.88,6.91
10.7,3.32,7.10
9.8,3.53,7.46
10.0,3.33,7.17
10.1,3.29,7.15
10.7,3.07,6.88
11.9,3.31,6.95
13.1,3.59,7.14
13.5,3.61,7.03
12.3,3.50,6.99
11.4,3.25,6.63
12.5,3.15,6.67
11.4,3.48,6.90
13.4,3.51,6.97
11.9,3.42,6.92
11.3,3.31,6.94
11.0,3.24,6.82
10.9,3.26,6.84
10.9,3.49,7.44
10.8,3.39,7.51
7.0,3.07,7.45
5.2,2.84,7.39
4.8,2.95,7.36
4.7,2.68,7.15
5.7,2.67,7.18
5.7,2.76,7.30
8.1,2.60,7.21
9.8,2.37,6.86
10.6,2.29,6.53
11.1,2.29,6.43
11.3,2.20,5.74
11.4,2.19,5.78
11.6,2.10,5.75
11.8,2.17,5.77
12.5,2.27,6.02
11.5,2.37,5.77
12.7,2.64,5.85
13.5,99.00,99.00
13.5,2.65,5.87
12.3,2.67,5.97
16.2,2.51,5.82
11.3,2.63,5.84
17.0,2.55,5.92
10.9,2.86,5.96
10.3,2.86,6.29
10.3,2.86,6.39
8.7,2.44,6.13
7.3,2.87,6.63
10.1,3.10,6.76
9.6,2.80,6.62
8.6,2.85,6.68
8.2,2.98,6.95
8.7,2.51,6.51
7.1,2.68,6.63
7.7,2.44,6.66
6.5,2.28,6.63
5.8,2.28,6.66
5.6,2.61,6.94
5.5,2.25,6.66
5.0,2.22,6.55
5.1,2.17,6.82
5.5,2.27,6.86
5.4,1.91,6.38
5.3,2.22,6.90
4.8,2.17,6.84
6.4,2.55,7.01
6.6,2.77,7.19
5.9,2.60,6.88
6.1,2.40,6.94
5.3,2.24,6.78
5.2,2.11,6.47
5.5,2.31,6.75
5.0,1.96,6.45
4.2,2.05,6.63
4.8,1.86,6.35
4.1,1.75,6.07
4.9,1.81,6.03
5.5,1.76,6.03
7.3,1.77,5.96
7.6,1.65,5.70
7.2,1.59,5.52
6.5,1.61,5.43
5.9,1.58,5.59
7.1,1.61,5.61
7.5,1.50,5.23
6.7,99.00,99.00
6.2,1.45,5.49
6.0,1.43,5.67
7.0,1.54,5.55
6.6,1.45,5.62
6.0,1.41,5.65
4.3,1.37,5.52
3.5,1.27,5.48
5.6,1.26,5.52
5.0,1.40,5.60
4.9,1.25,5.63
4.2,1.27,5.72
4.3,1.14,5.75
4.1,1.10,5.60
4.7,1.03,5.76
4.2,1.13,5.90
3.5,1.03,5.60
3.1,0.99,5.88
2.4,0.99,5.75
2.6,0.96,5.87
2.4,0.94,5.82
1.2,0.91,5.90
1.1,0.84,5.72
1.4,0.93,5.95
1.4,0.81,5.77
1.3,0.77,5.69
1.1,0.79,5.84
1.4,0.79,5.98
0.9,0.74,5.92
0.8,0.79,6.00
1.2,0.71,5.85
1.4,0.76,5.98
1.5,0.70,5.81
2.1,0.69,5.80
3.0,0.70,5.96
3.4,0.69,6.01
3.7,0.66,5.96
4.3,0.67,6.14
4.4,0.67,5.97
5.0,0.71,5.78
4.9,0.71,5.43
4.5,0.71,5.49
4.6,0.70,5.37
5.4,0.71,5.61
4.8,0.71,5.37
3.8,0.74,5.59
4.0,0.75,5.51
4.2,0.72,5.48
4.5,0.80,5.83
3.7,0.78,5.70
4.1,0.84,6.09
2.8,0.78,5.91
3.1,99.00,99.00
3.0,0.84,6.19
3.0,0.89,6.45
3.4,0.88,6.57
3.4,0.89,6.56
2.5,1.02,6.95
2.0,0.99,6.80
1.6,1.09,7.21
1.5,1.18,7.50
1.6,1.16,7.48
0.5,1.27,7.61
0.6,1.17,7.29
0.4,1.35,7.63
0.7,1.30,7.46
0.2,1.43,7.66
0.3,1.53,8.06
0.3,1.43,7.59
1.3,1.48,7.91
1.3,1.48,7.86
1.1,1.42,8.03
0.8,1.49,7.94
1.2,1.37,7.71
1.5,1.48,7.96
1.2,1.57,8.22
1.5,1.38,8.14
1.6,1.46,8.08
1.1,1.54,8.38
1.2,1.44,8.18
0.5,1.37,7.99
0.9,1.30,8.16
1.7,1.54,8.27
1.2,1.40,8.11
0.6,1.44,8.18
1.4,1.45,8.11
1.3,1.49,8.32
0.7,1.50,7.99
0.7,1.58,8.14
0.8,1.68,8.14
1.0,1.69,8.33
1.1,1.52,8.20
2.3,1.49,7.99
2.8,1.46,8.15
1.7,1.67,8.27
1.1,1.67,8.50
2.1,1.53,7.94
2.0,1.53,8.21
2.0,1.61,8.44
2.7,1.62,8.50
3.5,1.47,8.44
3.2,1.42,8.24
4.3,1.49,8.17
3.6,1.50,8.11
4.4,1.40,7.99
3.7,1.50,8.19
4.4,1.60,8.26
4.3,1.49,7.74
4.9,1.67,8.03
4.5,1.41,7.27
4.6,1.29,7.14
5.3,1.33,7.41
4.9,1.40,7.04
5.1,1.32,7.00
4.5,1.35,6.95
5.3,1.40,7.11
4.3,1.34,6.81
4.0,1.30,7.13
3.8,1.38,7.20
3.5,1.28,6.98
3.8,1.28,7.01
3.9,1.39,7.27
4.6,1.33,7.06
3.4,1.40,7.11
2.6,1.47,7.26
1.7,1.44,7.17
2.6,1.43,7.20
2.5,1.35,7.06
2.3,1.46,7.24
3.9,1.58,7.40
3.6,1.44,7.03
3.2,1.53,7.21
5.0,1.64,7.32
4.9,1.48,6.94
4.8,1.48,6.81
5.2,1.49,6.75
6.2,1.60,6.77
6.3,1.40,6.56
7.1,1.35,6.10
7.8,1.45,6.22
7.1,1.29,5.96
9.2,1.38,6.19
8.5,1.40,5.66
9.0,1.45,5.70
8.2,1.52,5.56
8.6,1.51,5.59
8.2,1.43,5.41
7.7,1.37,5.48
8.8,1.42,5.46
7.8,1.29,5.23
7.6,1.49,5.51
10.5,1.48,5.44
10.1,1.53,5.10
9.9,1.51,5.05
6.8,1.53,5.27
4.6,1.51,5.64
3.5,1.42,5.83
3.1,1.45,5.93
2.6,1.28,5.57
1.6,1.29,5.79
3.3,1.40,5.88
3.0,1.41,5.72
1.7,1.42,5.94
1.7,1.33,5.75
2.9,1.44,5.88
3.8,1.39,5.84
2.8,1.36,5.83
3.8,1.47,6.16
4.7,1.48,6.08
4.4,1.62,6.24
4.6,1.46,6.06
4.6,1.38,6.11
4.5,1.35,6.22
4.1,1.25,5.93
4.2,1.33,6.15
4.9,1.28,6.16
5.0,1.36,6.44
4.0,1.27,6.28
6.2,1.23,6.23
8.5,1.19,5.72
8.6,1.30,5.44
8.7,1.49,5.35
8.9,1.57,5.54
9.3,1.63,5.25
9.2,1.72,5.43
9.4,1.75,5.47
10.5,1.69,5.20
9.7,1.82,5.34
10.5,1.99,5.49
11.5,1.85,5.24
11.2,2.00,5.29
8.5,1.92,5.16
9.3,1.87,5.49
9.3,1.88,5.33
10.4,1.81,5.25
11.5,1.93,5.19
12.2,1.99,5.20
13.2,2.07,5.19
13.1,2.16,5.33
13.1,2.45,5.58
12.0,2.63,5.70
13.9,2.54,5.63
13.7,2.71,5.83
13.4,2.45,5.57
14.3,2.69,5.73
14.5,2.75,5.79
15.1,2.87,5.94
16.4,3.26,6.17
16.1,3.47,6.23
15.6,3.59,6.43
16.4,3.78,6.61
16.8,3.78,6.37
17.2,3.74,6.50
16.6,4.63,6.99
12.4,99.00,99.00
11.7,3.82,6.82
11.9,3.77,6.96
8.4,3.82,6.81
11.4,3.53,6.93
11.1,4.04,7.12
11.3,3.63,6.96
11.2,3.43,7.00
10.5,3.89,7.12
11.1,3.61,7.11
11.9,3.46,7.11
11.6,3.66,7.27
11.4,3.37,7.11
11.0,3.52,7.32
11.7,3.58,7.19
10.7,3.76,7.21
11.6,3.67,7.03
9.1,99.00,99.00
9.7,3.53,7.14
8.7,3.36,7.00
9.5,3.70,7.13
10.4,3.58,7.17
9.2,3.88,7.43
8.9,3.48,7.35
11.3,3.54,7.11
7.9,3.25,6.81
10.1,3.31,7.00
8.9,3.35,6.99
9.4,2.99,6.89
8.6,3.04,6.88
8.0,3.21,7.18
8.5,3.07,7.10
7.8,2.86,6.95
8.1,2.74,6.90
7.5,2.85,7.17
7.9,2.90,7.32
6.9,3.04,7.56
7.0,2.78,7.51
6.0,2.59,7.25
5.7,2.57,7.46
6.6,2.71,7.61
5.8,2.80,7.48
6.5,2.66,7.35
5.8,2.40,7.03
5.9,2.24,6.73
6.0,2.33,6.68
4.3,2.24,6.72
5.0,2.16,6.73
5.1,1.86,6.15
5.0,2.02,6.22
4.3,1.85,6.23
3.5,1.92,6.31
4.5,1.71,6.32
6.8,1.72,6.37
6.1,1.75,6.40
5.5,1.57,6.00
5.2,1.53,6.14
2.5,1.73,6.45
4.0,1.63,6.54
2.9,1.53,6.37
1.1,1.65,6.54
3.3,1.54,6.46
2.0,1.45,6.37
1.6,1.55,6.57
2.0,1.42,6.45
1.9,1.27,6.41
1.5,1.47,6.81
0.9,1.35,6.73
2.2,1.43,6.95
1.3,1.33,6.63
3.5,1.39,6.78
4.5,1.22,6.52
4.1,1.23,6.33
3.1,1.10,6.03
2.9,1.10,6.10
4.0,1.00,5.97
3.7,1.06,6.44
5.6,1.03,6.33
6.1,1.07,6.32
5.4,0.99,5.84
5.0,0.93,5.52
5.0,0.98,5.66
5.2,0.96,5.62
5.2,0.91,5.25
5.7,0.96,5.30
6.7,1.01,5.13
5.8,1.03,4.59
5.5,1.21,4.98
3.8,1.27,5.45
1.7,1.17,5.49
2.9,1.26,5.55
3.9,1.21,5.73
3.3,1.14,5.78
3.8,1.24,5.96
7.2,1.22,5.89
6.8,1.44,5.78
6.6,1.45,5.68
6.2,1.33,5.50
6.2,1.34,5.62
5.5,1.34,5.58
5.9,1.28,5.44
6.6,1.27,5.59
8.2,1.24,5.30
8.1,1.31,5.27
8.1,1.29,5.08
8.6,1.30,5.30
8.7,1.36,5.00
8.7,1.26,4.97
8.8,1.40,5.22
9.4,1.41,4.96
9.8,1.40,4.92
10.4,1.54,4.96
12.9,1.55,4.95
12.8,1.64,4.89
13.9,1.88,5.08
13.6,1.99,5.15
13.2,2.31,5.41
12.1,2.24,5.32
12.2,2.23,5.33
12.4,2.04,5.32
13.4,2.20,5.42
13.8,2.42,5.36
13.1,2.54,5.56
15.2,2.63,5.56
15.1,2.71,5.57
15.1,3.04,5.83
14.7,99.00,99.00
15.5,3.08,5.81
14.4,3.51,6.34
15.4,3.28,6.23
15.3,4.04,6.84
16.5,3.68,6.55
15.4,3.98,6.72
15.4,4.44,7.18
16.6,99.00,99.00
15.8,5.15,7.61
16.2,4.87,7.62
15.4,4.81,7.33
16.0,4.98,7.42
16.7,5.61,8.03
16.4,5.25,7.69
16.3,5.56,7.82
15.7,4.94,7.65
15.8,5.05,7.64
15.0,4.67,7.54
15.9,5.22,7.48
15.0,4.80,7.69
14.3,4.50,7.30
13.9,4.60,7.59
14.6,4.71,7.58
13.8,4.65,7.49
12.6,4.65,7.71
12.8,4.52,7.63
13.7,4.34,7.32
13.0,3.97,7.16
13.2,4.05,7.26
13.1,3.78,7.00
12.3,4.19,7.23
12.0,4.00,7.17
11.8,4.04,7.08
13.1,3.92,6.94
13.2,4.28,7.14
14.2,4.38,7.42
13.2,4.26,7.31
12.0,4.32,7.18
13.1,3.49,6.80
12.5,4.24,7.11
12.3,3.82,7.09
11.2,3.47,6.90
10.1,3.63,7.07
10.2,3.50,7.12
8.6,3.40,6.88
7.5,3.32,7.22
9.3,3.18,7.20
8.6,3.14,6.98
9.1,3.03,7.05
9.3,2.99,6.76
9.9,2.86,6.63
9.4,2.84,6.83
10.0,2.89,6.94
9.3,2.66,6.47
8.4,2.90,6.85
8.6,2.65,6.63
7.4,2.54,6.64
6.9,2.52,6.57
6.3,2.51,6.87
6.3,2.56,6.95
5.2,2.25,6.57
5.3,2.23,6.75
6.4,2.23,6.66
6.6,2.30,6.91
6.5,2.15,6.84
7.0,2.09,6.59
7.5,2.07,6.52
7.4,2.28,6.80
6.6,2.12,6.76
7.5,2.00,6.48
6.8,2.09,6.75
8.3,1.99,6.56
8.2,2.09,6.47
7.3,1.99,6.14
7.0,1.95,6.26
7.1,1.97,6.50
5.8,1.95,6.41
4.2,1.96,6.82
6.4,1.75,6.34
6.4,1.90,6.69
5.8,1.89,6.43
6.0,1.88,6.62
6.0,1.91,6.59
5.8,1.68,6.29
6.6,1.67,6.30
6.2,1.80,6.54
5.8,1.76,6.53
6.3,1.91,6.73
6.4,1.70,6.46
5.9,1.71,6.32
6.8,1.70,6.29
8.0,1.67,6.36
8.2,1.55,5.92
8.9,1.64,5.82
8.7,1.65,5.76
8.3,1.60,5.66
8.6,1.69,5.87
9.9,1.72,5.53
10.2,1.79,5.59
10.8,1.80,5.55
11.0,99.00,99.00
11.4,99.00,99.00
12.0,2.02,5.22
12.9,2.08,5.48
9.6,2.12,5.32
11.2,2.15,5.34
9.3,2.22,5.47
11.3,2.16,5.52
11.6,2.07,5.29
11.7,2.24,5.34
10.8,2.14,5.43
9.2,2.12,5.31
9.4,1.99,5.39
9.5,1.94,5.34
8.4,1.85,5.38
10.3,1.76,5.18
8.0,1.87,5.43
7.6,1.80,5.24
7.5,1.66,5.27
7.9,1.71,5.22
6.5,1.71,5.36
4.1,1.61,5.36
4.3,1.59,5.64
4.7,1.64,5.77
6.8,1.95,6.41
6.8,2.01,6.45
6.9,2.16,6.53
5.3,2.22,6.43
5.4,2.30,6.48
5.4,2.16,6.36
5.8,2.27,6.42
4.9,1.93,6.10
5.3,1.85,6.11
4.2,1.88,6.17
3.8,1.74,6.14
5.1,1.78,6.20
5.6,1.90,6.38
5.9,1.87,6.24
5.1,1.70,6.14
4.2,1.78,6.20
4.9,1.61,6.15
4.8,1.53,6.11
4.1,1.49,5.93
4.2,1.57,6.11
4.6,1.53,5.96
4.8,1.46,6.09
4.4,1.44,6.12
5.0,1.45,6.14
6.1,1.41,6.02
6.2,1.36,5.76
5.8,1.48,5.82
5.8,1.40,5.89
5.7,1.31,5.41
6.0,1.27,5.55
5.2,1.26,5.52
4.7,1.27,5.63
4.9,1.23,5.70
4.6,1.19,5.56
4.3,1.14,5.50
5.9,1.12,5.62
5.6,1.15,5.45
5.0,1.20,5.59
5.6,1.17,5.44
6.7,1.13,5.24
5.7,1.08,5.05
4.7,1.11,5.40
5.7,1.09,5.38
6.1,1.11,5.42
5.6,1.16,5.46
6.2,1.16,5.50
4.8,1.13,5.25
4.7,1.15,5.60
5.1,1.17,5.73
6.0,1.16,5.66
5.8,1.10,5.48
5.7,1.20,5.81
5.1,1.15,5.58
5.3,1.02,5.57
4.9,1.09,5.87
5.0,1.01,5.62
4.7,1.01,5.74
4.7,0.98,5.90
4.6,0.92,5.67
5.0,0.95,5.79
4.5,0.97,5.78
4.8,0.98,5.80
5.2,0.98,5.71
5.7,0.90,5.44
5.5,0.91,5.43
5.2,0.89,5.49
5.6,0.91,5.37
5.0,0.90,5.31
4.3,0.96,5.58
4.1,0.88,5.28
5.8,0.95,5.47
6.8,1.03,5.43
6.6,0.98,5.12
6.7,0.99,4.98
7.2,1.04,5.06
6.8,1.09,5.02
7.3,1.05,4.90
7.3,1.09,4.90
7.6,1.10,4.73
7.8,1.13,4.62
8.4,1.14,4.63
8.3,1.19,4.55
8.3,1.24,4.63
9.3,1.28,4.60
9.4,1.21,4.60
9.9,1.28,4.69
10.3,1.25,4.60
10.7,1.45,4.72
10.7,1.52,4.75
10.7,1.61,4.81
10.1,1.63,4.81
10.1,1.80,4.90
9.3,1.72,4.93
11.0,1.72,4.93
9.4,1.62,4.91
10.1,1.78,5.09
10.3,1.65,4.88
10.8,1.75,5.01
10.1,1.87,5.10
9.9,1.79,5.08
9.1,1.83,5.25
8.0,1.81,5.44
8.1,1.85,5.39
